,toxic,severe_toxic,obscene,threat,insult,identity_hate,none
count,159571,159571,159571,159571,159571,159571,159571
mean,0.095844483,0.009995551,0.052948217,0.002995532,0.049363606,0.008804858,0.898321124
std,0.294378772,0.099477141,0.223930833,0.054649586,0.216626717,0.093420486,0.302226496
min,0,0,0,0,0,0,0
25%,0,0,0,0,0,0,1
50%,0,0,0,0,0,0,1
75%,0,0,0,0,0,0,1
max,1,1,1,1,1,1,1
